dataset,pred_len,seq_len,label_len,e_layers,d_layers,factor,gelu_mse,oracle_config,oracle_action,oracle_mse,oracle_seed_count,new_best_static_config,new_best_static_mse,oracle_gain_vs_gelu,new_static_gain_vs_gelu
Exchange,96,96.0,48.0,2.0,1.0,5.0,0.9770137333333334,enc_gelu_dec_tanh,bounded_linear,0.9432436666666666,3,tanh_sin001_all,1.0269599666666667,0.03456457725671016,-0.05112132166548862
Exchange,192,96.0,48.0,2.0,1.0,5.0,1.1489570666666669,enc_gelu_dec_tanh,bounded_linear,1.1323604333333332,3,softsign_all,1.4850231999999999,0.014444955181383286,-0.29249668510967247
Exchange,336,96.0,48.0,2.0,1.0,5.0,1.6444349666666664,enc_gelu_dec_tanh,bounded_linear,1.631964,3,softsign_all,1.7441468333333334,0.007583739654931813,-0.06063594407067785
ILI,24,36.0,18.0,2.0,1.0,5.0,5.831972666666666,tanh_sin001_all,bounded_linear,5.711880533333333,3,tanh_sin001_all,5.711880533333333,0.02059202609431526,0.02059202609431526
ILI,36,36.0,18.0,2.0,1.0,5.0,5.7128608000000005,enc_tanh_dec_gelu,bounded_linear,5.483584533333333,3,tanh_sin001_all,5.502567933333334,0.04013335431990009,0.03681043071566987
ILI,48,36.0,18.0,2.0,1.0,5.0,5.197631933333334,tanh_all,bounded_linear,5.020567766666667,3,tanh_all,5.020567766666667,0.0340663149945503,0.0340663149945503
Weather,96,96.0,48.0,2.0,1.0,5.0,0.36682802,tanh_sin001_all,bounded_linear,0.34896052333333333,3,tanh_sin001_all,0.34896052333333333,0.04870810214188832,0.04870810214188832
Weather,192,96.0,48.0,2.0,1.0,5.0,0.40266667000000006,enc_gelu_dec_tanh,bounded_linear,0.40160789,3,tanh_sin001_all,0.5043701166666666,0.0026294205080346898,-0.25257478267736083
Weather,336,96.0,48.0,2.0,1.0,5.0,0.46741879,enc_gelu_dec_tanh,bounded_linear,0.4610632733333333,3,tanh_sin001_all,0.6646860033333333,0.013597050017323163,-0.42203526591931256
