eval_name,cell_count,mean_gain_vs_baseline,mean_gain_vs_static,positive_vs_static_rate,mean_regret_vs_oracle,regret_reduction_vs_static,action_hit_rate,config_hit_rate
leave_cell,57,0.09631999869326172,0.01978989201832914,0.49122807017543857,0.00774799903607116,0.7490211609666191,0.7192982456140351,0.7192982456140351
leave_dataset,57,0.09377853269933405,0.016729433385168347,0.45614035087719296,0.01101459824397184,0.6432070955583197,0.6491228070175439,0.6491228070175439
leave_model_scope,57,0.0,-0.13161969004191373,0.12280701754385964,0.16905317954516272,-4.476093961759363,0.24561403508771928,0.24561403508771928
leave_family,57,0.0,-0.13161969004191373,0.12280701754385964,0.16905317954516272,-4.476093961759363,0.24561403508771928,0.24561403508771928
