eval_name,cell_count,mean_gain_vs_gelu,median_gain_vs_gelu,mean_gain_vs_static,median_gain_vs_static,positive_vs_static_rate,mean_regret_vs_oracle,regret_reduction_vs_static,top1_hit_rate
loco_nested_single_factor,36,0.12627409088770636,0.06424710352201934,0.00035074323650663306,0.0,0.2777777777777778,0.04429661242444194,0.06217249385649978,0.19444444444444445
lodo_nested_single_factor,36,0.12475846502470857,0.08282084334549453,0.0011028673102314545,0.0,0.25,0.0460213476557304,0.02565719274908184,0.25
family_nested_single_factor,36,0.044357288889201665,0.013642556089696467,-0.1284710513144099,-0.020413992337746815,0.3055555555555556,0.18090648290858918,-2.830068856862283,0.08333333333333333
loco_nearest_neighbor,36,0.12034798279283541,0.05822820057128877,-0.006283693219827408,0.0,0.3888888888888889,0.052974298457949306,-0.12154748395855372,0.2777777777777778
