eval_name,cell_count,mean_gain_vs_baseline,mean_gain_vs_static,positive_vs_static_rate,mean_regret_vs_oracle,regret_reduction_vs_static,action_hit_rate,config_hit_rate
leave_cell,57,0.08283481403264989,0.0023334119141605056,0.2982456140350877,0.02670129961318756,0.13507201712321817,0.7192982456140351,0.3684210526315789
leave_dataset,57,0.082671801635748,0.002245572699238432,0.2807017543859649,0.02611611452174694,0.15402775965566484,0.6491228070175439,0.2982456140350877
leave_model_scope,57,0.0,-0.13161969004191373,0.12280701754385964,0.16905317954516272,-4.476093961759363,0.24561403508771928,0.24561403508771928
leave_family,57,0.0,-0.13161969004191373,0.12280701754385964,0.16905317954516272,-4.476093961759363,0.24561403508771928,0.24561403508771928
